Date,AQI
2017-01-01,345.0
2017-01-02,337.0
2017-01-03,331.0
2017-01-04,381.0
2017-01-05,321.0
2017-01-06,351.0
2017-01-07,278.0
2017-01-08,288.0
2017-01-09,308.0
2017-01-10,247.0
2017-01-11,280.0
2017-01-12,323.0
2017-01-13,326.0
2017-01-14,384.0
2017-01-15,326.0
2017-01-16,355.0
2017-01-17,245.0
2017-01-18,317.0
2017-01-19,300.0
2017-01-20,216.0
2017-01-21,286.0
2017-01-22,365.0
2017-01-23,309.0
2017-01-24,336.0
2017-01-25,366.0
2017-01-26,324.0
2017-01-27,118.0
2017-01-28,212.0
2017-01-29,211.0
2017-01-30,
2017-01-31,366.0
2017-02-01,273.0
2017-02-02,327.0
2017-02-03,314.0
2017-02-04,336.0
2017-02-05,260.0
2017-02-06,306.0
2017-02-07,148.0
2017-02-08,254.0
2017-02-09,268.0
2017-02-10,249.0
2017-02-11,239.0
2017-02-12,274.0
2017-02-13,279.0
2017-02-14,303.0
2017-02-15,294.0
2017-02-16,284.0
2017-02-17,294.0
2017-02-18,236.0
2017-02-19,237.0
2017-02-20,243.0
2017-02-21,254.0
2017-02-22,236.0
2017-02-23,182.0
2017-02-24,226.0
2017-02-25,208.0
2017-02-26,256.0
2017-02-27,226.0
2017-02-28,266.0
2017-03-01,290.0
2017-03-02,258.0
2017-03-03,141.0
2017-03-04,173.0
2017-03-05,200.0
2017-03-06,177.0
2017-03-07,197.0
2017-03-08,194.0
2017-03-09,
2017-03-10,90.0
2017-03-11,68.0
2017-03-12,104.0
2017-03-13,150.0
2017-03-14,123.0
2017-03-15,214.0
2017-03-16,207.0
2017-03-17,226.0
2017-03-18,185.0
2017-03-19,222.0
2017-03-20,241.0
2017-03-21,251.0
2017-03-22,242.0
2017-03-23,246.0
2017-03-24,244.0
2017-03-25,197.0
2017-03-26,177.0
2017-03-27,164.0
2017-03-28,218.0
2017-03-29,
2017-03-30,151.0
2017-03-31,176.0
2017-04-01,223.0
2017-04-02,177.0
2017-04-03,154.0
2017-04-04,165.0
2017-04-05,108.0
2017-04-06,109.0
2017-04-07,351.0
2017-04-08,269.0
2017-04-09,130.0
2017-04-10,144.0
2017-04-11,162.0
2017-04-12,201.0
2017-04-13,282.0
2017-04-14,290.0
2017-04-15,307.0
2017-04-16,291.0
2017-04-17,276.0
2017-04-18,307.0
2017-04-19,262.0
2017-04-20,221.0
2017-04-21,234.0
2017-04-22,244.0
2017-04-23,193.0
2017-04-24,164.0
2017-04-25,189.0
2017-04-26,153.0
2017-04-27,
2017-04-28,183.0
2017-04-29,190.0
2017-04-30,186.0
2017-05-01,158.0
2017-05-02,240.0
2017-05-03,297.0
2017-05-04,214.0
2017-05-05,332.0
2017-05-06,284.0
2017-05-07,293.0
2017-05-08,278.0
2017-05-09,259.0
2017-05-10,187.0
2017-05-11,218.0
2017-05-12,365.0
2017-05-13,316.0
2017-05-14,284.0
2017-05-15,248.0
2017-05-16,272.0
2017-05-17,183.0
2017-05-18,235.0
2017-05-19,239.0
2017-05-20,221.0
2017-05-21,339.0
2017-05-22,228.0
2017-05-23,222.0
2017-05-24,224.0
2017-05-25,196.0
2017-05-26,250.0
2017-05-27,197.0
2017-05-28,136.0
2017-05-29,130.0
2017-05-30,162.0
2017-05-31,126.0
2017-06-01,200.0
2017-06-02,220.0
2017-06-03,215.0
2017-06-04,237.0
2017-06-05,204.0
2017-06-06,204.0
2017-06-07,126.0
2017-06-08,103.0
2017-06-09,141.0
2017-06-10,177.0
2017-06-11,118.0
2017-06-12,125.0
2017-06-13,139.0
2017-06-14,182.0
2017-06-15,231.0
2017-06-16,154.0
2017-06-17,100.0
2017-06-18,117.0
2017-06-19,210.0
2017-06-20,89.0
2017-06-21,102.0
2017-06-22,124.0
2017-06-23,148.0
2017-06-24,159.0
2017-06-25,195.0
2017-06-26,160.0
2017-06-27,135.0
2017-06-28,102.0
2017-06-29,92.0
2017-06-30,76.0
2017-07-01,114.0
2017-07-02,102.0
2017-07-03,97.0
2017-07-04,
2017-07-05,
2017-07-06,
2017-07-07,108.0
2017-07-08,93.0
2017-07-09,148.0
2017-07-10,117.0
2017-07-11,93.0
2017-07-12,62.0
2017-07-13,71.0
2017-07-14,64.0
2017-07-15,79.0
2017-07-16,90.0
2017-07-17,95.0
2017-07-18,100.0
2017-07-19,106.0
2017-07-20,88.0
2017-07-21,69.0
2017-07-22,55.0
2017-07-23,71.0
2017-07-24,60.0
2017-07-25,68.0
2017-07-26,63.0
2017-07-27,75.0
2017-07-28,70.0
2017-07-29,96.0
2017-07-30,43.0
2017-07-31,48.0
2017-08-01,
2017-08-02,
2017-08-03,
2017-08-04,
2017-08-05,
2017-08-06,
2017-08-07,
2017-08-08,
2017-08-09,
2017-08-10,
2017-08-11,
2017-08-12,
2017-08-13,
2017-08-14,
2017-08-15,
2017-08-16,
2017-08-17,
2017-08-18,
2017-08-19,
2017-08-20,
2017-08-21,
2017-08-22,
2017-08-23,
2017-08-24,116.0
2017-08-25,141.0
2017-08-26,114.0
2017-08-27,104.0
2017-08-28,70.0
2017-08-29,68.0
2017-08-30,77.0
2017-08-31,92.0
2017-09-01,69.0
2017-09-02,65.0
2017-09-03,80.0
2017-09-04,106.0
2017-09-05,91.0
2017-09-06,86.0
2017-09-07,82.0
2017-09-08,152.0
2017-09-09,125.0
2017-09-10,154.0
2017-09-11,149.0
2017-09-12,118.0
2017-09-13,141.0
2017-09-14,191.0
2017-09-15,215.0
2017-09-16,137.0
2017-09-17,126.0
2017-09-18,124.0
2017-09-19,152.0
2017-09-20,174.0
2017-09-21,175.0
2017-09-22,67.0
2017-09-23,59.0
2017-09-24,105.0
2017-09-25,143.0
2017-09-26,177.0
2017-09-27,206.0
2017-09-28,205.0
2017-09-29,208.0
2017-09-30,192.0
2017-10-01,170.0
2017-10-02,144.0
2017-10-03,159.0
2017-10-04,220.0
2017-10-05,254.0
2017-10-06,187.0
2017-10-07,
2017-10-08,234.0
2017-10-09,268.0
2017-10-10,238.0
2017-10-11,252.0
2017-10-12,273.0
2017-10-13,262.0
2017-10-14,
2017-10-15,272.0
2017-10-16,274.0
2017-10-17,316.0
2017-10-18,286.0
2017-10-19,293.0
2017-10-20,357.0
2017-10-21,396.0
2017-10-22,311.0
2017-10-23,287.0
2017-10-24,294.0
2017-10-25,352.0
2017-10-26,324.0
2017-10-27,332.0
2017-10-28,347.0
2017-10-29,336.0
2017-10-30,328.0
2017-10-31,335.0
2017-11-01,354.0
2017-11-02,285.0
2017-11-03,327.0
2017-11-04,357.0
2017-11-05,363.0
2017-11-06,356.0
2017-11-07,449.0
2017-11-08,487.0
2017-11-09,487.0
2017-11-10,470.0
2017-11-11,431.0
2017-11-12,491.0
2017-11-13,465.0
2017-11-14,384.0
2017-11-15,354.0
2017-11-16,363.0
2017-11-17,307.0
2017-11-18,299.0
2017-11-19,291.0
2017-11-20,325.0
2017-11-21,325.0
2017-11-22,328.0
2017-11-23,316.0
2017-11-24,335.0
2017-11-25,337.0
2017-11-26,361.0
2017-11-27,365.0
2017-11-28,327.0
2017-11-29,344.0
2017-11-30,368.0
2017-12-01,343.0
2017-12-02,333.0
2017-12-03,355.0
2017-12-04,391.0
2017-12-05,380.0
2017-12-06,296.0
2017-12-07,191.0
2017-12-08,217.0
2017-12-09,308.0
2017-12-10,378.0
2017-12-11,363.0
2017-12-12,225.0
2017-12-13,270.0
2017-12-14,285.0
2017-12-15,284.0
2017-12-16,223.0
2017-12-17,199.0
2017-12-18,236.0
2017-12-19,297.0
2017-12-20,372.0
2017-12-21,446.0
2017-12-22,321.0
2017-12-23,228.0
2017-12-24,309.0
2017-12-25,384.0
2017-12-26,342.0
2017-12-27,360.0
2017-12-28,383.0
2017-12-29,367.0
2017-12-30,400.0
2017-12-31,406.0
2018-01-01,406.0
2018-01-02,418.0
2018-01-03,382.0
2018-01-04,366.0
2018-01-05,390.0
2018-01-06,405.0
2018-01-07,355.0
2018-01-08,288.0
2018-01-09,359.0
2018-01-10,352.0
2018-01-11,309.0
2018-01-12,298.0
2018-01-13,359.0
2018-01-14,321.0
2018-01-15,331.0
2018-01-16,255.0
2018-01-17,353.0
2018-01-18,400.0
2018-01-19,406.0
2018-01-20,323.0
2018-01-21,276.0
2018-01-22,342.0
2018-01-23,324.0
2018-01-24,270.0
2018-01-25,243.0
2018-01-26,261.0
2018-01-27,286.0
2018-01-28,300.0
2018-01-29,302.0
2018-01-30,270.0
2018-01-31,244.0
2018-02-01,274.0
2018-02-02,293.0
2018-02-03,243.0
2018-02-04,256.0
2018-02-05,291.0
2018-02-06,287.0
2018-02-07,261.0
2018-02-08,308.0
2018-02-09,335.0
2018-02-10,341.0
2018-02-11,304.0
2018-02-12,178.0
2018-02-13,191.0
2018-02-14,187.0
2018-02-15,187.0
2018-02-16,235.0
2018-02-17,256.0
2018-02-18,257.0
2018-02-19,294.0
2018-02-20,296.0
2018-02-21,308.0
2018-02-22,300.0
2018-02-23,302.0
2018-02-24,320.0
2018-02-25,266.0
2018-02-26,156.0
2018-02-27,160.0
2018-02-28,272.0
2018-03-01,257.0
2018-03-02,260.0
2018-03-03,203.0
2018-03-04,178.0
2018-03-05,172.0
2018-03-06,167.0
2018-03-07,185.0
2018-03-08,245.0
2018-03-09,280.0
2018-03-10,170.0
2018-03-11,170.0
2018-03-12,214.0
2018-03-13,217.0
2018-03-14,267.0
2018-03-15,297.0
2018-03-16,256.0
2018-03-17,186.0
2018-03-18,169.0
2018-03-19,173.0
2018-03-20,217.0
2018-03-21,289.0
2018-03-22,186.0
2018-03-23,151.0
2018-03-24,175.0
2018-03-25,195.0
2018-03-26,183.0
2018-03-27,230.0
2018-03-28,255.0
2018-03-29,213.0
2018-03-30,218.0
2018-03-31,256.0
2018-04-01,195.0
2018-04-02,219.0
2018-04-03,207.0
2018-04-04,203.0
2018-04-05,290.0
2018-04-06,208.0
2018-04-07,143.0
2018-04-08,141.0
2018-04-09,120.0
2018-04-10,230.0
2018-04-11,141.0
2018-04-12,99.0
2018-04-13,188.0
2018-04-14,217.0
2018-04-15,224.0
2018-04-16,285.0
2018-04-17,244.0
2018-04-18,228.0
2018-04-19,244.0
2018-04-20,246.0
2018-04-21,356.0
2018-04-22,211.0
2018-04-23,160.0
2018-04-24,254.0
2018-04-25,266.0
2018-04-26,313.0
2018-04-27,310.0
2018-04-28,301.0
2018-04-29,248.0
2018-04-30,209.0
2018-05-01,177.0
2018-05-02,153.0
2018-05-03,160.0
2018-05-04,139.0
2018-05-05,173.0
2018-05-06,269.0
2018-05-07,211.0
2018-05-08,208.0
2018-05-09,163.0
2018-05-10,190.0
2018-05-11,256.0
2018-05-12,304.0
2018-05-13,215.0
2018-05-14,130.0
2018-05-15,164.0
2018-05-16,190.0
2018-05-17,243.0
2018-05-18,225.0
2018-05-19,242.0
2018-05-20,199.0
2018-05-21,183.0
2018-05-22,212.0
2018-05-23,301.0
2018-05-24,252.0
2018-05-25,251.0
2018-05-26,235.0
2018-05-27,277.0
2018-05-28,275.0
2018-05-29,285.0
2018-05-30,281.0
2018-05-31,208.0
2018-06-01,198.0
2018-06-02,173.0
2018-06-03,174.0
2018-06-04,183.0
2018-06-05,169.0
2018-06-06,136.0
2018-06-07,164.0
2018-06-08,179.0
2018-06-09,127.0
2018-06-10,158.0
2018-06-11,183.0
2018-06-12,296.0
2018-06-13,445.0
2018-06-14,431.0
2018-06-15,447.0
2018-06-16,369.0
2018-06-17,289.0
2018-06-18,171.0
2018-06-19,121.0
2018-06-20,177.0
2018-06-21,226.0
2018-06-22,236.0
2018-06-23,218.0
2018-06-24,183.0
2018-06-25,192.0
2018-06-26,110.0
2018-06-27,93.0
2018-06-28,76.0
2018-06-29,72.0
2018-06-30,96.0
2018-07-01,92.0
2018-07-02,106.0
2018-07-03,114.0
2018-07-04,137.0
2018-07-05,123.0
2018-07-06,147.0
2018-07-07,151.0
2018-07-08,182.0
2018-07-09,157.0
2018-07-10,134.0
2018-07-11,106.0
2018-07-12,143.0
2018-07-13,99.0
2018-07-14,76.0
2018-07-15,76.0
2018-07-16,87.0
2018-07-17,91.0
2018-07-18,106.0
2018-07-19,88.0
2018-07-20,80.0
2018-07-21,111.0
2018-07-22,61.0
2018-07-23,67.0
2018-07-24,90.0
2018-07-25,78.0
2018-07-26,74.0
2018-07-27,54.0
2018-07-28,57.0
2018-07-29,90.0
2018-07-30,115.0
2018-07-31,132.0
2018-08-01,153.0
2018-08-02,235.0
2018-08-03,213.0
2018-08-04,216.0
2018-08-05,241.0
2018-08-06,133.0
2018-08-07,113.0
2018-08-08,86.0
2018-08-09,88.0
2018-08-10,102.0
2018-08-11,96.0
2018-08-12,83.0
2018-08-13,94.0
2018-08-14,117.0
2018-08-15,120.0
2018-08-16,86.0
2018-08-17,84.0
2018-08-18,80.0
2018-08-19,89.0
2018-08-20,137.0
2018-08-21,87.0
2018-08-22,78.0
2018-08-23,69.0
2018-08-24,80.0
2018-08-25,89.0
2018-08-26,78.0
2018-08-27,62.0
2018-08-28,71.0
2018-08-29,68.0
2018-08-30,78.0
2018-08-31,127.0
2018-09-01,114.0
2018-09-02,106.0
2018-09-03,73.0
2018-09-04,112.0
2018-09-05,90.0
2018-09-06,137.0
2018-09-07,91.0
2018-09-08,86.0
2018-09-09,61.0
2018-09-10,84.0
2018-09-11,79.0
2018-09-12,90.0
2018-09-13,103.0
2018-09-14,102.0
2018-09-15,118.0
2018-09-16,121.0
2018-09-17,135.0
2018-09-18,150.0
2018-09-19,154.0
2018-09-20,164.0
2018-09-21,143.0
2018-09-22,54.0
2018-09-23,62.0
2018-09-24,52.0
2018-09-25,55.0
2018-09-26,88.0
2018-09-27,151.0
2018-09-28,197.0
2018-09-29,219.0
2018-09-30,158.0
2018-10-01,148.0
2018-10-02,202.0
2018-10-03,143.0
2018-10-04,201.0
2018-10-05,256.0
2018-10-06,209.0
2018-10-07,181.0
2018-10-08,246.0
2018-10-09,251.0
2018-10-10,241.0
2018-10-11,210.0
2018-10-12,154.0
2018-10-13,262.0
2018-10-14,204.0
2018-10-15,246.0
2018-10-16,291.0
2018-10-17,313.0
2018-10-18,297.0
2018-10-19,276.0
2018-10-20,326.0
2018-10-21,292.0
2018-10-22,272.0
2018-10-23,254.0
2018-10-24,328.0
2018-10-25,331.0
2018-10-26,361.0
2018-10-27,350.0
2018-10-28,366.0
2018-10-29,367.0
2018-10-30,401.0
2018-10-31,358.0
2018-11-01,393.0
2018-11-02,370.0
2018-11-03,340.0
2018-11-04,171.0
2018-11-05,426.0
2018-11-06,338.0
2018-11-07,281.0
2018-11-08,390.0
2018-11-09,423.0
2018-11-10,401.0
2018-11-11,405.0
2018-11-12,399.0
2018-11-13,409.0
2018-11-14,312.0
2018-11-15,217.0
2018-11-16,285.0
2018-11-17,267.0
2018-11-18,311.0
2018-11-19,330.0
2018-11-20,374.0
2018-11-21,374.0
2018-11-22,273.0
2018-11-23,337.0
2018-11-24,249.0
2018-11-25,262.0
2018-11-26,336.0
2018-11-27,352.0
2018-11-28,316.0
2018-11-29,358.0
2018-11-30,352.0
2018-12-01,306.0
2018-12-02,297.0
2018-12-03,328.0
2018-12-04,356.0
2018-12-05,331.0
2018-12-06,349.0
2018-12-07,348.0
2018-12-08,347.0
2018-12-09,374.0
2018-12-10,403.0
2018-12-11,413.0
2018-12-12,392.0
2018-12-13,194.0
2018-12-14,249.0
2018-12-15,261.0
2018-12-16,282.0
2018-12-17,337.0
2018-12-18,353.0
2018-12-19,353.0
2018-12-20,394.0
2018-12-21,386.0
2018-12-22,421.0
2018-12-23,450.0
2018-12-24,448.0
2018-12-25,409.0
2018-12-26,384.0
2018-12-27,399.0
2018-12-28,392.0
2018-12-29,385.0
2018-12-30,415.0
2018-12-31,420.0
2019-01-01,393.0
2019-01-02,430.0
2019-01-03,444.0
2019-01-04,386.0
2019-01-05,407.0
2019-01-06,336.0
2019-01-07,333.0
2019-01-08,320.0
2019-01-09,288.0
2019-01-10,292.0
2019-01-11,371.0
2019-01-12,423.0
2019-01-13,414.0
2019-01-14,247.0
2019-01-15,237.0
2019-01-16,371.0
2019-01-17,440.0
2019-01-18,397.0
2019-01-19,378.0
2019-01-20,404.0
2019-01-21,346.0
2019-01-22,104.0
2019-01-23,212.0
2019-01-24,311.0
2019-01-25,151.0
2019-01-26,233.0
2019-01-27,262.0
2019-01-28,267.0
2019-01-29,276.0
2019-01-30,327.0
2019-01-31,359.0
2019-02-01,306.0
2019-02-02,332.0
2019-02-03,289.0
2019-02-04,288.0
2019-02-05,382.0
2019-02-06,352.0
2019-02-07,176.0
2019-02-08,144.0
2019-02-09,158.0
2019-02-10,276.0
2019-02-11,309.0
2019-02-12,342.0
2019-02-13,367.0
2019-02-14,340.0
2019-02-15,245.0
2019-02-16,276.0
2019-02-17,222.0
2019-02-18,255.0
2019-02-19,221.0
2019-02-20,271.0
2019-02-21,144.0
2019-02-22,186.0
2019-02-23,113.0
2019-02-24,190.0
2019-02-25,217.0
2019-02-26,116.0
2019-02-27,100.0
2019-02-28,170.0
2019-03-01,225.0
2019-03-02,217.0
2019-03-03,117.0
2019-03-04,234.0
2019-03-05,140.0
2019-03-06,186.0
2019-03-07,217.0
2019-03-08,197.0
2019-03-09,187.0
2019-03-10,160.0
2019-03-11,187.0
2019-03-12,134.0
2019-03-13,178.0
2019-03-14,266.0
2019-03-15,154.0
2019-03-16,139.0
2019-03-17,192.0
2019-03-18,196.0
2019-03-19,216.0
2019-03-20,208.0
2019-03-21,242.0
2019-03-22,114.0
2019-03-23,132.0
2019-03-24,121.0
2019-03-25,139.0
2019-03-26,159.0
2019-03-27,171.0
2019-03-28,234.0
2019-03-29,232.0
2019-03-30,233.0
2019-03-31,182.0
2019-04-01,151.0
2019-04-02,198.0
2019-04-03,187.0
2019-04-04,254.0
2019-04-05,264.0
2019-04-06,266.0
2019-04-07,302.0
2019-04-08,264.0
2019-04-09,204.0
2019-04-10,238.0
2019-04-11,183.0
2019-04-12,212.0
2019-04-13,170.0
2019-04-14,137.0
2019-04-15,168.0
2019-04-16,180.0
2019-04-17,84.0
2019-04-18,114.0
2019-04-19,157.0
2019-04-20,198.0
2019-04-21,203.0
2019-04-22,236.0
2019-04-23,247.0
2019-04-24,221.0
2019-04-25,251.0
2019-04-26,215.0
2019-04-27,256.0
2019-04-28,264.0
2019-04-29,248.0
2019-04-30,250.0
2019-05-01,295.0
2019-05-02,257.0
2019-05-03,183.0
2019-05-04,182.0
2019-05-05,227.0
2019-05-06,249.0
2019-05-07,294.0
2019-05-08,357.0
2019-05-09,347.0
2019-05-10,277.0
2019-05-11,251.0
2019-05-12,334.0
2019-05-13,322.0
2019-05-14,153.0
2019-05-15,186.0
2019-05-16,187.0
2019-05-17,265.0
2019-05-18,105.0
2019-05-19,185.0
2019-05-20,206.0
2019-05-21,190.0
2019-05-22,158.0
2019-05-23,223.0
2019-05-24,123.0
2019-05-25,121.0
2019-05-26,142.0
2019-05-27,160.0
2019-05-28,177.0
2019-05-29,185.0
2019-05-30,218.0
2019-05-31,280.0
2019-06-01,264.0
2019-06-02,201.0
2019-06-03,261.0
2019-06-04,169.0
2019-06-05,192.0
2019-06-06,206.0
2019-06-07,173.0
2019-06-08,181.0
2019-06-09,239.0
2019-06-10,207.0
2019-06-11,307.0
2019-06-12,233.0
2019-06-13,175.0
2019-06-14,171.0
2019-06-15,224.0
2019-06-16,178.0
2019-06-17,123.0
2019-06-18,97.0
2019-06-19,199.0
2019-06-20,141.0
2019-06-21,177.0
2019-06-22,189.0
2019-06-23,148.0
2019-06-24,109.0
2019-06-25,133.0
2019-06-26,162.0
2019-06-27,184.0
2019-06-28,191.0
2019-06-29,231.0
2019-06-30,237.0
2019-07-01,183.0
2019-07-02,218.0
2019-07-03,136.0
2019-07-04,103.0
2019-07-05,106.0
2019-07-06,88.0
2019-07-07,91.0
2019-07-08,127.0
2019-07-09,126.0
2019-07-10,148.0
2019-07-11,317.0
2019-07-12,272.0
2019-07-13,275.0
2019-07-14,235.0
2019-07-15,168.0
2019-07-16,93.0
2019-07-17,73.0
2019-07-18,85.0
2019-07-19,145.0
2019-07-20,124.0
2019-07-21,108.0
2019-07-22,112.0
2019-07-23,148.0
2019-07-24,164.0
2019-07-25,78.0
2019-07-26,81.0
2019-07-27,61.0
2019-07-28,64.0
2019-07-29,65.0
2019-07-30,80.0
2019-07-31,80.0
2019-08-01,89.0
2019-08-02,84.0
2019-08-03,89.0
2019-08-04,87.0
2019-08-05,105.0
2019-08-06,76.0
2019-08-07,75.0
2019-08-08,79.0
2019-08-09,75.0
2019-08-10,59.0
2019-08-11,68.0
2019-08-12,57.0
2019-08-13,69.0
2019-08-14,63.0
2019-08-15,75.0
2019-08-16,53.0
2019-08-17,49.0
2019-08-18,49.0
2019-08-19,81.0
2019-08-20,97.0
2019-08-21,109.0
2019-08-22,123.0
2019-08-23,129.0
2019-08-24,147.0
2019-08-25,91.0
2019-08-26,66.0
2019-08-27,117.0
2019-08-28,105.0
2019-08-29,91.0
2019-08-30,101.0
2019-08-31,114.0
2019-09-01,108.0
2019-09-02,96.0
2019-09-03,141.0
2019-09-04,173.0
2019-09-05,95.0
2019-09-06,90.0
2019-09-07,82.0
2019-09-08,77.0
2019-09-09,108.0
2019-09-10,137.0
2019-09-11,168.0
2019-09-12,151.0
2019-09-13,86.0
2019-09-14,72.0
2019-09-15,72.0
2019-09-16,105.0
2019-09-17,135.0
2019-09-18,110.0
2019-09-19,66.0
2019-09-20,90.0
2019-09-21,114.0
2019-09-22,67.0
2019-09-23,83.0
2019-09-24,94.0
2019-09-25,90.0
2019-09-26,74.0
2019-09-27,63.0
2019-09-28,67.0
2019-09-29,60.0
2019-09-30,68.0
2019-10-01,93.0
2019-10-02,90.0
2019-10-03,136.0
2019-10-04,100.0
2019-10-05,98.0
2019-10-06,127.0
2019-10-07,130.0
2019-10-08,112.0
2019-10-09,173.0
2019-10-10,211.0
2019-10-11,216.0
2019-10-12,222.0
2019-10-13,270.0
2019-10-14,252.0
2019-10-15,270.0
2019-10-16,304.0
2019-10-17,284.0
2019-10-18,248.0
2019-10-19,161.0
2019-10-20,238.0
2019-10-21,249.0
2019-10-22,207.0
2019-10-23,242.0
2019-10-24,311.0
2019-10-25,284.0
2019-10-26,287.0
2019-10-27,337.0
2019-10-28,368.0
2019-10-29,400.0
2019-10-30,419.0
2019-10-31,410.0
2019-11-01,484.0
2019-11-02,399.0
2019-11-03,494.0
2019-11-04,407.0
2019-11-05,324.0
2019-11-06,214.0
2019-11-07,309.0
2019-11-08,330.0
2019-11-09,283.0
2019-11-10,321.0
2019-11-11,360.0
2019-11-12,425.0
2019-11-13,456.0
2019-11-14,463.0
2019-11-15,458.0
2019-11-16,357.0
2019-11-17,215.0
2019-11-18,214.0
2019-11-19,242.0
2019-11-20,301.0
2019-11-21,366.0
2019-11-22,360.0
2019-11-23,312.0
2019-11-24,234.0
2019-11-25,252.0
2019-11-26,270.0
2019-11-27,134.0
2019-11-28,106.0
2019-11-29,84.0
2019-11-30,193.0
2019-12-01,250.0
2019-12-02,279.0
2019-12-03,282.0
2019-12-04,296.0
2019-12-05,382.0
2019-12-06,404.0
2019-12-07,371.0
2019-12-08,391.0
2019-12-09,343.0
2019-12-10,369.0
2019-12-11,408.0
2019-12-12,430.0
2019-12-13,240.0
2019-12-14,163.0
2019-12-15,213.0
2019-12-16,186.0
2019-12-17,168.0
2019-12-18,292.0
2019-12-19,362.0
2019-12-20,432.0
2019-12-21,418.0
2019-12-22,322.0
2019-12-23,327.0
2019-12-24,383.0
2019-12-25,350.0
2019-12-26,349.0
2019-12-27,373.0
2019-12-28,409.0
2019-12-29,431.0
2019-12-30,446.0
2019-12-31,387.0
2020-01-01,437.0
2020-01-02,417.0
2020-01-03,352.0
2020-01-04,334.0
2020-01-05,330.0
2020-01-06,325.0
2020-01-07,254.0
2020-01-08,266.0
2020-01-09,203.0
2020-01-10,255.0
2020-01-11,288.0
2020-01-12,348.0
2020-01-13,366.0
2020-01-14,283.0
2020-01-15,218.0
2020-01-16,281.0
2020-01-17,265.0
2020-01-18,243.0
2020-01-19,277.0
2020-01-20,269.0
2020-01-21,364.0
2020-01-22,370.0
2020-01-23,211.0
2020-01-24,151.0
2020-01-25,250.0
2020-01-26,325.0
2020-01-27,345.0
2020-01-28,243.0
2020-01-29,194.0
2020-01-30,202.0
2020-01-31,190.0
2020-02-01,232.0
2020-02-02,244.0
2020-02-03,270.0
2020-02-04,310.0
2020-02-05,312.0
2020-02-06,231.0
2020-02-07,295.0
2020-02-08,289.0
2020-02-09,285.0
2020-02-10,309.0
2020-02-11,323.0
2020-02-12,320.0
2020-02-13,241.0
2020-02-14,173.0
2020-02-15,167.0
2020-02-16,247.0
2020-02-17,293.0
2020-02-18,252.0
2020-02-19,272.0
2020-02-20,230.0
2020-02-21,144.0
2020-02-22,100.0
2020-02-23,225.0
2020-02-24,142.0
2020-02-25,249.0
2020-02-26,274.0
2020-02-27,233.0
2020-02-28,198.0
2020-02-29,
2020-03-01,90.0
2020-03-02,205.0
2020-03-03,205.0
2020-03-04,195.0
2020-03-05,79.0
2020-03-06,64.0
2020-03-07,67.0
2020-03-08,164.0
2020-03-09,123.0
2020-03-10,188.0
2020-03-11,116.0
2020-03-12,127.0
2020-03-13,173.0
2020-03-14,108.0
2020-03-15,131.0
2020-03-16,139.0
2020-03-17,157.0
2020-03-18,151.0
2020-03-19,186.0
2020-03-20,192.0
2020-03-21,186.0
2020-03-22,191.0
2020-03-23,124.0
2020-03-24,122.0
2020-03-25,77.0
2020-03-26,92.0
2020-03-27,69.0
2020-03-28,45.0
2020-03-29,62.0
2020-03-30,71.0
2020-03-31,76.0
2020-04-01,73.0
2020-04-02,69.0
2020-04-03,79.0
2020-04-04,87.0
2020-04-05,102.0
2020-04-06,142.0
2020-04-07,90.0
2020-04-08,83.0
2020-04-09,86.0
2020-04-10,118.0
2020-04-11,124.0
2020-04-12,94.0
2020-04-13,126.0
2020-04-14,130.0
2020-04-15,155.0
2020-04-16,180.0
2020-04-17,105.0
2020-04-18,98.0
2020-04-19,85.0
2020-04-20,119.0
2020-04-21,87.0
2020-04-22,131.0
2020-04-23,122.0
2020-04-24,139.0
2020-04-25,98.0
2020-04-26,117.0
2020-04-27,89.0
2020-04-28,100.0
2020-04-29,125.0
2020-04-30,138.0
2020-05-01,146.0
2020-05-02,112.0
2020-05-03,93.0
2020-05-04,94.0
2020-05-05,119.0
2020-05-06,139.0
2020-05-07,127.0
2020-05-08,134.0
2020-05-09,144.0
2020-05-10,121.0
2020-05-11,116.0
2020-05-12,125.0
2020-05-13,150.0
2020-05-14,149.0
2020-05-15,123.0
2020-05-16,179.0
2020-05-17,200.0
2020-05-18,206.0
2020-05-19,212.0
2020-05-20,166.0
2020-05-21,147.0
2020-05-22,199.0
2020-05-23,181.0
2020-05-24,172.0
2020-05-25,153.0
2020-05-26,154.0
2020-05-27,156.0
2020-05-28,188.0
2020-05-29,101.0
2020-05-30,78.0
2020-05-31,72.0
2020-06-01,104.0
2020-06-02,124.0
2020-06-03,122.0
2020-06-04,153.0
2020-06-05,111.0
2020-06-06,102.0
2020-06-07,107.0
2020-06-08,108.0
2020-06-09,139.0
2020-06-10,152.0
2020-06-11,141.0
2020-06-12,153.0
2020-06-13,123.0
2020-06-14,154.0
2020-06-15,115.0
2020-06-16,118.0
2020-06-17,109.0
2020-06-18,95.0
2020-06-19,148.0
2020-06-20,149.0
2020-06-21,98.0
2020-06-22,92.0
2020-06-23,76.0
2020-06-24,66.0
2020-06-25,85.0
2020-06-26,105.0
2020-06-27,108.0
2020-06-28,209.0
2020-06-29,230.0
2020-06-30,102.0
2020-07-01,117.0
2020-07-02,127.0
2020-07-03,156.0
2020-07-04,105.0
2020-07-05,90.0
2020-07-06,90.0
2020-07-07,65.0
2020-07-08,51.0
2020-07-09,78.0
2020-07-10,67.0
2020-07-11,68.0
2020-07-12,71.0
2020-07-13,72.0
2020-07-14,127.0
2020-07-15,124.0
2020-07-16,72.0
2020-07-17,79.0
2020-07-18,92.0
2020-07-19,65.0
2020-07-20,60.0
2020-07-21,61.0
2020-07-22,59.0
2020-07-23,65.0
2020-07-24,100.0
2020-07-25,67.0
2020-07-26,78.0
2020-07-27,100.0
2020-07-28,72.0
2020-07-29,90.0
2020-07-30,55.0
2020-07-31,75.0
2020-08-01,81.0
2020-08-02,61.0
2020-08-03,67.0
2020-08-04,62.0
2020-08-05,86.0
2020-08-06,69.0
2020-08-07,54.0
2020-08-08,87.0
2020-08-09,74.0
2020-08-10,72.0
2020-08-11,75.0
2020-08-12,63.0
2020-08-13,50.0
2020-08-14,58.0
2020-08-15,67.0
2020-08-16,52.0
2020-08-17,66.0
2020-08-18,72.0
2020-08-19,57.0
2020-08-20,50.0
2020-08-21,57.0
2020-08-22,53.0
2020-08-23,53.0
2020-08-24,45.0
2020-08-25,61.0
2020-08-26,57.0
2020-08-27,64.0
2020-08-28,79.0
2020-08-29,77.0
2020-08-30,70.0
2020-08-31,41.0
2020-09-01,53.0
2020-09-02,69.0
2020-09-03,84.0
2020-09-04,82.0
2020-09-05,101.0
2020-09-06,70.0
2020-09-07,93.0
2020-09-08,79.0
2020-09-09,105.0
2020-09-10,108.0
2020-09-11,136.0
2020-09-12,144.0
2020-09-13,142.0
2020-09-14,152.0
2020-09-15,144.0
2020-09-16,151.0
2020-09-17,120.0
2020-09-18,108.0
2020-09-19,118.0
2020-09-20,148.0
2020-09-21,142.0
2020-09-22,115.0
2020-09-23,76.0
2020-09-24,104.0
2020-09-25,143.0
2020-09-26,165.0
2020-09-27,117.0
2020-09-28,159.0
2020-09-29,177.0
2020-09-30,156.0
2020-10-01,152.0
2020-10-02,180.0
2020-10-03,189.0
2020-10-04,184.0
2020-10-05,179.0
2020-10-06,178.0
2020-10-07,215.0
2020-10-08,208.0
2020-10-09,202.0
2020-10-10,221.0
2020-10-11,216.0
2020-10-12,261.0
2020-10-13,300.0
2020-10-14,276.0
2020-10-15,312.0
2020-10-16,237.0
2020-10-17,287.0
2020-10-18,254.0
2020-10-19,244.0
2020-10-20,223.0
2020-10-21,256.0
2020-10-22,296.0
2020-10-23,366.0
2020-10-24,345.0
2020-10-25,349.0
2020-10-26,353.0
2020-10-27,312.0
2020-10-28,297.0
2020-10-29,395.0
2020-10-30,374.0
2020-10-31,367.0
2020-11-01,364.0
2020-11-02,293.0
2020-11-03,302.0
2020-11-04,343.0
2020-11-05,450.0
2020-11-06,406.0
2020-11-07,427.0
2020-11-08,416.0
2020-11-09,477.0
2020-11-10,476.0
2020-11-11,344.0
2020-11-12,314.0
2020-11-13,339.0
2020-11-14,414.0
2020-11-15,435.0
2020-11-16,221.0
2020-11-17,171.0
2020-11-18,211.0
2020-11-19,283.0
2020-11-20,296.0
2020-11-21,251.0
2020-11-22,274.0
2020-11-23,295.0
2020-11-24,379.0
2020-11-25,413.0
2020-11-26,302.0
2020-11-27,137.0
2020-11-28,231.0
2020-11-29,256.0
2020-11-30,318.0
2020-12-01,367.0
2020-12-02,373.0
2020-12-03,341.0
2020-12-04,382.0
2020-12-05,404.0
2020-12-06,389.0
2020-12-07,400.0
2020-12-08,383.0
2020-12-09,358.0
2020-12-10,284.0
2020-12-11,295.0
2020-12-12,356.0
2020-12-13,305.0
2020-12-14,160.0
2020-12-15,230.0
2020-12-16,262.0
2020-12-17,256.0
2020-12-18,281.0
2020-12-19,290.0
2020-12-20,321.0
2020-12-21,332.0
2020-12-22,418.0
2020-12-23,433.0
2020-12-24,423.0
2020-12-25,357.0
2020-12-26,337.0
2020-12-27,396.0
2020-12-28,253.0
2020-12-29,265.0
2020-12-30,290.0
2020-12-31,347.0
2021-01-01,441.0
2021-01-02,443.0
2021-01-03,354.0
2021-01-04,151.0
2021-01-05,140.0
2021-01-06,226.0
2021-01-07,255.0
2021-01-08,234.0
2021-01-09,301.0
2021-01-10,245.0
2021-01-11,243.0
2021-01-12,293.0
2021-01-13,354.0
2021-01-14,429.0
2021-01-15,460.0
2021-01-16,407.0
2021-01-17,347.0
2021-01-18,372.0
2021-01-19,404.0
2021-01-20,283.0
2021-01-21,296.0
2021-01-22,364.0
2021-01-23,326.0
2021-01-24,364.0
2021-01-25,323.0
2021-01-26,330.0
2021-01-27,318.0
2021-01-28,357.0
2021-01-29,387.0
2021-01-30,309.0
2021-01-31,289.0
2021-02-01,352.0
2021-02-02,364.0
2021-02-03,330.0
2021-02-04,316.0
2021-02-05,133.0
2021-02-06,199.0
2021-02-07,232.0
2021-02-08,303.0
2021-02-09,305.0
2021-02-10,291.0
2021-02-11,330.0
2021-02-12,341.0
2021-02-13,334.0
2021-02-14,351.0
2021-02-15,313.0
2021-02-16,327.0
2021-02-17,324.0
2021-02-18,302.0
2021-02-19,311.0
2021-02-20,250.0
2021-02-21,296.0
2021-02-22,288.0
2021-02-23,250.0
2021-02-24,278.0
2021-02-25,298.0
2021-02-26,229.0
2021-02-27,203.0
2021-02-28,208.0
2021-03-01,177.0
2021-03-02,175.0
2021-03-03,188.0
2021-03-04,278.0
2021-03-05,255.0
2021-03-06,204.0
2021-03-07,256.0
2021-03-08,207.0
2021-03-09,283.0
2021-03-10,175.0
2021-03-11,242.0
2021-03-12,218.0
2021-03-13,209.0
2021-03-14,209.0
2021-03-15,206.0
2021-03-16,258.0
2021-03-17,311.0
2021-03-18,315.0
2021-03-19,279.0
2021-03-20,234.0
2021-03-21,244.0
2021-03-22,196.0
2021-03-23,244.0
2021-03-24,175.0
2021-03-25,148.0
2021-03-26,150.0
2021-03-27,199.0
2021-03-28,233.0
2021-03-29,225.0
2021-03-30,232.0
2021-03-31,203.0
2021-04-01,182.0
2021-04-02,176.0
2021-04-03,159.0
2021-04-04,171.0
2021-04-05,205.0
2021-04-06,279.0
2021-04-07,250.0
2021-04-08,153.0
2021-04-09,170.0
2021-04-10,181.0
2021-04-11,186.0
2021-04-12,241.0
2021-04-13,231.0
2021-04-14,199.0
2021-04-15,220.0
2021-04-16,238.0
2021-04-17,128.0
2021-04-18,154.0
2021-04-19,187.0
2021-04-20,191.0
2021-04-21,134.0
2021-04-22,140.0
2021-04-23,126.0
2021-04-24,125.0
2021-04-25,192.0
2021-04-26,256.0
2021-04-27,284.0
2021-04-28,312.0
2021-04-29,296.0
2021-04-30,287.0
2021-05-01,238.0
2021-05-02,174.0
2021-05-03,245.0
2021-05-04,173.0
2021-05-05,175.0
2021-05-06,156.0
2021-05-07,142.0
2021-05-08,173.0
2021-05-09,166.0
2021-05-10,136.0
2021-05-11,151.0
2021-05-12,115.0
2021-05-13,121.0
2021-05-14,132.0
2021-05-15,140.0
2021-05-16,166.0
2021-05-17,191.0
2021-05-18,93.0
2021-05-19,78.0
2021-05-20,58.0
2021-05-21,85.0
2021-05-22,94.0
2021-05-23,237.0
2021-05-24,169.0
2021-05-25,140.0
2021-05-26,149.0
2021-05-27,150.0
2021-05-28,106.0
2021-05-29,87.0
2021-05-30,101.0
2021-05-31,135.0
2021-06-01,115.0
2021-06-02,143.0
2021-06-03,159.0
2021-06-04,196.0
2021-06-05,124.0
2021-06-06,134.0
2021-06-07,180.0
2021-06-08,205.0
2021-06-09,305.0
2021-06-10,221.0
2021-06-11,145.0
2021-06-12,133.0
2021-06-13,83.0
2021-06-14,124.0
2021-06-15,113.0
2021-06-16,115.0
2021-06-17,108.0
2021-06-18,81.0
2021-06-19,70.0
2021-06-20,62.0
2021-06-21,84.0
2021-06-22,127.0
2021-06-23,218.0
2021-06-24,146.0
2021-06-25,163.0
2021-06-26,135.0
2021-06-27,168.0
2021-06-28,161.0
2021-06-29,195.0
2021-06-30,206.0
2021-07-01,266.0
2021-07-02,245.0
2021-07-03,139.0
2021-07-04,140.0
2021-07-05,149.0
2021-07-06,144.0
2021-07-07,178.0
2021-07-08,164.0
2021-07-09,144.0
2021-07-10,97.0
2021-07-11,94.0
2021-07-12,90.0
2021-07-13,80.0
2021-07-14,83.0
2021-07-15,83.0
2021-07-16,90.0
2021-07-17,117.0
2021-07-18,94.0
2021-07-19,62.0
2021-07-20,81.0
2021-07-21,74.0
2021-07-22,83.0
2021-07-23,68.0
2021-07-24,99.0
2021-07-25,107.0
2021-07-26,86.0
2021-07-27,98.0
2021-07-28,61.0
2021-07-29,63.0
2021-07-30,76.0
2021-07-31,57.0
2021-08-01,81.0
2021-08-02,95.0
2021-08-03,71.0
2021-08-04,69.0
2021-08-05,99.0
2021-08-06,104.0
2021-08-07,101.0
2021-08-08,109.0
2021-08-09,101.0
2021-08-10,101.0
2021-08-11,122.0
2021-08-12,114.0
2021-08-13,118.0
2021-08-14,116.0
2021-08-15,114.0
2021-08-16,121.0
2021-08-17,150.0
2021-08-18,152.0
2021-08-19,167.0
2021-08-20,111.0
2021-08-21,69.0
2021-08-22,59.0
2021-08-23,82.0
2021-08-24,100.0
2021-08-25,115.0
2021-08-26,114.0
2021-08-27,134.0
2021-08-28,147.0
2021-08-29,119.0
2021-08-30,81.0
2021-08-31,73.0
2021-09-01,64.0
2021-09-02,64.0
2021-09-03,70.0
2021-09-04,68.0
2021-09-05,88.0
2021-09-06,122.0
2021-09-07,98.0
2021-09-08,70.0
2021-09-09,75.0
2021-09-10,79.0
2021-09-11,61.0
2021-09-12,60.0
2021-09-13,89.0
2021-09-14,69.0
2021-09-15,70.0
2021-09-16,79.0
2021-09-17,62.0
2021-09-18,69.0
2021-09-19,82.0
2021-09-20,82.0
2021-09-21,83.0
2021-09-22,69.0
2021-09-23,68.0
2021-09-24,64.0
2021-09-25,80.0
2021-09-26,75.0
2021-09-27,108.0
2021-09-28,120.0
2021-09-29,81.0
2021-09-30,84.0
2021-10-01,108.0
2021-10-02,125.0
2021-10-03,105.0
2021-10-04,91.0
2021-10-05,115.0
2021-10-06,114.0
2021-10-07,127.0
2021-10-08,167.0
2021-10-09,171.0
2021-10-10,168.0
2021-10-11,166.0
2021-10-12,179.0
2021-10-13,171.0
2021-10-14,182.0
2021-10-15,198.0
2021-10-16,284.0
2021-10-17,298.0
2021-10-18,46.0
2021-10-19,69.0
2021-10-20,221.0
2021-10-21,199.0
2021-10-22,170.0
2021-10-23,173.0
2021-10-24,160.0
2021-10-25,82.0
2021-10-26,139.0
2021-10-27,232.0
2021-10-28,268.0
2021-10-29,283.0
2021-10-30,268.0
2021-10-31,289.0
2021-11-01,281.0
2021-11-02,303.0
2021-11-03,314.0
2021-11-04,382.0
2021-11-05,462.0
2021-11-06,437.0
2021-11-07,428.0
2021-11-08,390.0
2021-11-09,404.0
2021-11-10,372.0
2021-11-11,411.0
2021-11-12,471.0
2021-11-13,437.0
2021-11-14,330.0
2021-11-15,353.0
2021-11-16,403.0
2021-11-17,375.0
2021-11-18,347.0
2021-11-19,380.0
2021-11-20,374.0
2021-11-21,349.0
2021-11-22,311.0
2021-11-23,290.0
2021-11-24,361.0
2021-11-25,400.0
2021-11-26,406.0
2021-11-27,402.0
2021-11-28,405.0
2021-11-29,389.0
2021-11-30,328.0
2021-12-01,370.0
2021-12-02,429.0
2021-12-03,346.0
2021-12-04,362.0
2021-12-05,305.0
2021-12-06,322.0
2021-12-07,255.0
2021-12-08,237.0
2021-12-09,289.0
2021-12-10,314.0
2021-12-11,281.0
2021-12-12,254.0
2021-12-13,331.0
2021-12-14,367.0
2021-12-15,363.0
2021-12-16,368.0
2021-12-17,329.0
2021-12-18,291.0
2021-12-19,271.0
2021-12-20,332.0
2021-12-21,402.0
2021-12-22,407.0
2021-12-23,423.0
2021-12-24,415.0
2021-12-25,431.0
2021-12-26,459.0
2021-12-27,283.0
2021-12-28,305.0
2021-12-29,267.0
2021-12-30,286.0
2021-12-31,321.0
2022-01-01,362.0
2022-01-02,404.0
2022-01-03,387.0
2022-01-04,378.0
2022-01-05,397.0
2022-01-06,258.0
2022-01-07,182.0
2022-01-08,91.0
2022-01-09,69.0
2022-01-10,151.0
2022-01-11,224.0
2022-01-12,191.0
2022-01-13,321.0
2022-01-14,348.0
2022-01-15,258.0
2022-01-16,264.0
2022-01-17,327.0
2022-01-18,352.0
2022-01-19,322.0
2022-01-20,387.0
2022-01-21,365.0
2022-01-22,316.0
2022-01-23,202.0
2022-01-24,241.0
2022-01-25,234.0
2022-01-26,260.0
2022-01-27,262.0
2022-01-28,215.0
2022-01-29,251.0
2022-01-30,278.0
2022-01-31,338.0
2022-02-01,347.0
2022-02-02,319.0
2022-02-03,321.0
2022-02-04,152.0
2022-02-05,224.0
2022-02-06,285.0
2022-02-07,250.0
2022-02-08,270.0
2022-02-09,227.0
2022-02-10,172.0
2022-02-11,184.0
2022-02-12,191.0
2022-02-13,253.0
2022-02-14,239.0
2022-02-15,221.0
2022-02-16,272.0
2022-02-17,241.0
2022-02-18,252.0
2022-02-19,180.0
2022-02-20,173.0
2022-02-21,165.0
2022-02-22,252.0
2022-02-23,211.0
2022-02-24,307.0
2022-02-25,286.0
2022-02-26,102.0
2022-02-27,92.0
2022-02-28,107.0
2022-03-01,170.0
2022-03-02,225.0
2022-03-03,178.0
2022-03-04,199.0
2022-03-05,115.0
2022-03-06,162.0
2022-03-07,237.0
2022-03-08,283.0
2022-03-09,162.0
2022-03-10,150.0
2022-03-11,164.0
2022-03-12,160.0
2022-03-13,193.0
2022-03-14,231.0
2022-03-15,253.0
2022-03-16,218.0
2022-03-17,218.0
2022-03-18,293.0
2022-03-19,231.0
2022-03-20,242.0
2022-03-21,271.0
2022-03-22,180.0
2022-03-23,206.0
2022-03-24,280.0
2022-03-25,211.0
2022-03-26,207.0
2022-03-27,195.0
2022-03-28,251.0
2022-03-29,274.0
2022-03-30,276.0
2022-03-31,298.0
2022-04-01,218.0
2022-04-02,226.0
2022-04-03,245.0
2022-04-04,262.0
2022-04-05,233.0
2022-04-06,248.0
2022-04-07,264.0
2022-04-08,242.0
2022-04-09,261.0
2022-04-10,244.0
2022-04-11,258.0
2022-04-12,229.0
2022-04-13,286.0
2022-04-14,280.0
2022-04-15,201.0
2022-04-16,253.0
2022-04-17,251.0
2022-04-18,257.0
2022-04-19,317.0
2022-04-20,277.0
2022-04-21,296.0
2022-04-22,204.0
2022-04-23,245.0
2022-04-24,261.0
2022-04-25,244.0
2022-04-26,209.0
2022-04-27,287.0
2022-04-28,295.0
2022-04-29,299.0
2022-04-30,270.0
2022-05-01,256.0
2022-05-02,218.0
2022-05-03,227.0
2022-05-04,269.0
2022-05-05,146.0
2022-05-06,273.0
2022-05-07,206.0
2022-05-08,205.0
2022-05-09,171.0
2022-05-10,160.0
2022-05-11,156.0
2022-05-12,164.0
2022-05-13,176.0
2022-05-14,270.0
2022-05-15,242.0
2022-05-16,297.0
2022-05-17,239.0
2022-05-18,251.0
2022-05-19,202.0
2022-05-20,266.0
2022-05-21,285.0
2022-05-22,203.0
2022-05-23,136.0
2022-05-24,89.0
2022-05-25,166.0
2022-05-26,199.0
2022-05-27,206.0
2022-05-28,210.0
2022-05-29,273.0
2022-05-30,201.0
2022-05-31,215.0
2022-06-01,322.0
2022-06-02,202.0
2022-06-03,240.0
2022-06-04,227.0
2022-06-05,215.0
2022-06-06,195.0
2022-06-07,280.0
2022-06-08,346.0
2022-06-09,223.0
2022-06-10,303.0
2022-06-11,256.0
2022-06-12,249.0
2022-06-13,200.0
2022-06-14,222.0
2022-06-15,153.0
2022-06-16,132.0
2022-06-17,88.0
2022-06-18,79.0
2022-06-19,99.0
2022-06-20,124.0
2022-06-21,128.0
2022-06-22,139.0
2022-06-23,140.0
2022-06-24,197.0
2022-06-25,230.0
2022-06-26,169.0
2022-06-27,127.0
2022-06-28,137.0
2022-06-29,163.0
2022-06-30,116.0
2022-07-01,76.0
2022-07-02,95.0
2022-07-03,76.0
2022-07-04,113.0
2022-07-05,161.0
2022-07-06,104.0
2022-07-07,100.0
2022-07-08,94.0
2022-07-09,110.0
2022-07-10,71.0
2022-07-11,95.0
2022-07-12,100.0
2022-07-13,79.0
2022-07-14,87.0
2022-07-15,79.0
2022-07-16,81.0
2022-07-17,61.0
2022-07-18,92.0
2022-07-19,105.0
2022-07-20,98.0
2022-07-21,70.0
2022-07-22,140.0
2022-07-23,72.0
2022-07-24,72.0
2022-07-25,67.0
2022-07-26,69.0
2022-07-27,74.0
2022-07-28,68.0
2022-07-29,71.0
2022-07-30,58.0
2022-07-31,71.0
2022-08-01,71.0
2022-08-02,84.0
2022-08-03,122.0
2022-08-04,112.0
2022-08-05,72.0
2022-08-06,98.0
2022-08-07,118.0
2022-08-08,84.0
2022-08-09,112.0
2022-08-10,102.0
2022-08-11,75.0
2022-08-12,88.0
2022-08-13,80.0
2022-08-14,84.0
2022-08-15,62.0
2022-08-16,63.0
2022-08-17,60.0
2022-08-18,72.0
2022-08-19,71.0
2022-08-20,80.0
2022-08-21,117.0
2022-08-22,104.0
2022-08-23,83.0
2022-08-24,63.0
2022-08-25,96.0
2022-08-26,113.0
2022-08-27,105.0
2022-08-28,119.0
2022-08-29,144.0
2022-08-30,116.0
2022-08-31,124.0
2022-09-01,121.0
2022-09-02,110.0
2022-09-03,119.0
2022-09-04,115.0
2022-09-05,102.0
2022-09-06,119.0
2022-09-07,133.0
2022-09-08,136.0
2022-09-09,141.0
2022-09-10,110.0
2022-09-11,85.0
2022-09-12,84.0
2022-09-13,72.0
2022-09-14,71.0
2022-09-15,57.0
2022-09-16,47.0
2022-09-17,70.0
2022-09-18,119.0
2022-09-19,182.0
2022-09-20,130.0
2022-09-21,109.0
2022-09-22,66.0
2022-09-23,57.0
2022-09-24,54.0
2022-09-25,52.0
2022-09-26,100.0
2022-09-27,108.0
2022-09-28,140.0
2022-09-29,151.0
2022-09-30,173.0
2022-10-01,186.0
2022-10-02,181.0
2022-10-03,128.0
2022-10-04,150.0
2022-10-05,211.0
2022-10-06,79.0
2022-10-07,55.0
2022-10-08,56.0
2022-10-09,48.0
2022-10-10,44.0
2022-10-11,66.0
2022-10-12,143.0
2022-10-13,130.0
2022-10-14,154.0
2022-10-15,186.0
2022-10-16,232.0
2022-10-17,237.0
2022-10-18,241.0
2022-10-19,234.0
2022-10-20,232.0
2022-10-21,262.0
2022-10-22,265.0
2022-10-23,259.0
2022-10-24,312.0
2022-10-25,302.0
2022-10-26,271.0
2022-10-27,354.0
2022-10-28,357.0
2022-10-29,397.0
2022-10-30,352.0
2022-10-31,392.0
2022-11-01,424.0
2022-11-02,376.0
2022-11-03,450.0
2022-11-04,447.0
2022-11-05,381.0
2022-11-06,339.0
2022-11-07,354.0
2022-11-08,372.0
2022-11-09,260.0
2022-11-10,295.0
2022-11-11,346.0
2022-11-12,303.0
2022-11-13,303.0
2022-11-14,294.0
2022-11-15,227.0
2022-11-16,264.0
2022-11-17,260.0
2022-11-18,289.0
2022-11-19,280.0
2022-11-20,314.0
2022-11-21,310.0
2022-11-22,255.0
2022-11-23,237.0
2022-11-24,213.0
2022-11-25,294.0
2022-11-26,336.0
2022-11-27,328.0
2022-11-28,333.0
2022-11-29,369.0
2022-11-30,365.0
2022-12-01,368.0
2022-12-02,352.0
2022-12-03,370.0
2022-12-04,407.0
2022-12-05,347.0
2022-12-06,353.0
2022-12-07,304.0
2022-12-08,281.0
2022-12-09,314.0
2022-12-10,360.0
2022-12-11,306.0
2022-12-12,218.0
2022-12-13,177.0
2022-12-14,163.0
2022-12-15,189.0
2022-12-16,223.0
2022-12-17,304.0
2022-12-18,353.0
2022-12-19,410.0
2022-12-20,366.0
2022-12-21,328.0
2022-12-22,342.0
2022-12-23,359.0
2022-12-24,349.0
2022-12-25,308.0
2022-12-26,331.0
2022-12-27,339.0
2022-12-28,321.0
2022-12-29,306.0
2022-12-30,399.0
2022-12-31,349.0
2023-01-01,259.0
2023-01-02,357.0
2023-01-03,385.0
2023-01-04,343.0
2023-01-05,340.0
2023-01-06,400.0
2023-01-07,377.0
2023-01-08,375.0
2023-01-09,434.0
2023-01-10,407.0
2023-01-11,308.0
2023-01-12,371.0
2023-01-13,378.0
2023-01-14,353.0
2023-01-15,213.0
2023-01-16,270.0
2023-01-17,288.0
2023-01-18,306.0
2023-01-19,338.0
2023-01-20,226.0
2023-01-21,294.0
2023-01-22,407.0
2023-01-23,335.0
2023-01-24,237.0
2023-01-25,160.0
2023-01-26,298.0
2023-01-27,229.0
2023-01-28,236.0
2023-01-29,331.0
2023-01-30,207.0
2023-01-31,192.0
2023-02-01,164.0
2023-02-02,194.0
2023-02-03,199.0
2023-02-04,242.0
2023-02-05,244.0
2023-02-06,265.0
2023-02-07,285.0
2023-02-08,144.0
2023-02-09,212.0
2023-02-10,187.0
2023-02-11,275.0
2023-02-12,175.0
2023-02-13,135.0
2023-02-14,132.0
2023-02-15,190.0
2023-02-16,270.0
2023-02-17,367.0
2023-02-18,371.0
2023-02-19,331.0
2023-02-20,324.0
2023-02-21,245.0
2023-02-22,302.0
2023-02-23,227.0
2023-02-24,171.0
2023-02-25,225.0
2023-02-26,291.0
2023-02-27,260.0
2023-02-28,219.0
2023-03-01,181.0
2023-03-02,226.0
2023-03-03,152.0
2023-03-04,129.0
2023-03-05,142.0
2023-03-06,142.0
2023-03-07,173.0
2023-03-08,215.0
2023-03-09,119.0
2023-03-10,187.0
2023-03-11,200.0
2023-03-12,216.0
2023-03-13,231.0
2023-03-14,219.0
2023-03-15,213.0
2023-03-16,259.0
2023-03-17,188.0
2023-03-18,184.0
2023-03-19,162.0
2023-03-20,154.0
2023-03-21,75.0
2023-03-22,164.0
2023-03-23,151.0
2023-03-24,205.0
2023-03-25,78.0
2023-03-26,164.0
2023-03-27,146.0
2023-03-28,147.0
2023-03-29,198.0
2023-03-30,170.0
2023-03-31,73.0
2023-04-01,106.0
2023-04-02,128.0
2023-04-03,179.0
2023-04-04,109.0
2023-04-05,135.0
2023-04-06,142.0
2023-04-07,142.0
2023-04-08,172.0
2023-04-09,217.0
2023-04-10,195.0
2023-04-11,260.0
2023-04-12,213.0
2023-04-13,211.0
2023-04-14,249.0
2023-04-15,235.0
2023-04-16,229.0
2023-04-17,206.0
2023-04-18,235.0
2023-04-19,236.0
2023-04-20,159.0
2023-04-21,129.0
2023-04-22,141.0
2023-04-23,118.0
2023-04-24,160.0
2023-04-25,156.0
2023-04-26,210.0
2023-04-27,219.0
2023-04-28,150.0
2023-04-29,216.0
2023-04-30,132.0
2023-05-01,91.0
2023-05-02,76.0
2023-05-03,107.0
2023-05-04,113.0
2023-05-05,183.0
2023-05-06,234.0
2023-05-07,173.0
2023-05-08,131.0
2023-05-09,197.0
2023-05-10,203.0
2023-05-11,274.0
2023-05-12,227.0
2023-05-13,235.0
2023-05-14,259.0
2023-05-15,162.0
2023-05-16,259.0
2023-05-17,336.0
2023-05-18,149.0
2023-05-19,152.0
2023-05-20,186.0
2023-05-21,215.0
2023-05-22,199.0
2023-05-23,198.0
2023-05-24,158.0
2023-05-25,106.0
2023-05-26,98.0
2023-05-27,110.0
2023-05-28,134.0
2023-05-29,136.0
2023-05-30,115.0
2023-05-31,85.0
2023-06-01,96.0
2023-06-02,120.0
2023-06-03,121.0
2023-06-04,171.0
2023-06-05,166.0
2023-06-06,139.0
2023-06-07,239.0
2023-06-08,161.0
2023-06-09,152.0
2023-06-10,134.0
2023-06-11,130.0
2023-06-12,169.0
2023-06-13,205.0
2023-06-14,213.0
2023-06-15,154.0
2023-06-16,119.0
2023-06-17,119.0
2023-06-18,90.0
2023-06-19,75.0
2023-06-20,104.0
2023-06-21,91.0
2023-06-22,110.0
2023-06-23,132.0
2023-06-24,169.0
2023-06-25,71.0
2023-06-26,93.0
2023-06-27,86.0
2023-06-28,93.0
2023-06-29,101.0
2023-06-30,70.0
2023-07-01,69.0
2023-07-02,71.0
2023-07-03,118.0
2023-07-04,144.0
2023-07-05,96.0
2023-07-06,72.0
2023-07-07,77.0
2023-07-08,71.0
2023-07-09,64.0
2023-07-10,65.0
2023-07-11,69.0
2023-07-12,77.0
2023-07-13,77.0
2023-07-14,73.0
2023-07-15,100.0
2023-07-16,69.0
2023-07-17,85.0
2023-07-18,113.0
2023-07-19,77.0
2023-07-20,93.0
2023-07-21,109.0
2023-07-22,96.0
2023-07-23,73.0
2023-07-24,77.0
2023-07-25,102.0
2023-07-26,73.0
2023-07-27,92.0
2023-07-28,81.0
2023-07-29,59.0
2023-07-30,65.0
2023-07-31,89.0
2023-08-01,92.0
2023-08-02,91.0
2023-08-03,75.0
2023-08-04,105.0
2023-08-05,85.0
2023-08-06,101.0
2023-08-07,102.0
2023-08-08,110.0
2023-08-09,118.0
2023-08-10,133.0
2023-08-11,123.0
2023-08-12,126.0
2023-08-13,105.0
2023-08-14,114.0
2023-08-15,108.0
2023-08-16,109.0
2023-08-17,131.0
2023-08-18,153.0
2023-08-19,125.0
2023-08-20,91.0
2023-08-21,91.0
2023-08-22,106.0
2023-08-23,71.0
2023-08-24,85.0
2023-08-25,117.0
2023-08-26,152.0
2023-08-27,186.0
2023-08-28,144.0
2023-08-29,162.0
2023-08-30,154.0
2023-08-31,146.0
2023-09-01,140.0
2023-09-02,136.0
2023-09-03,136.0
2023-09-04,136.0
2023-09-05,121.0
2023-09-06,106.0
2023-09-07,105.0
2023-09-08,84.0
2023-09-09,55.0
2023-09-10,46.0
2023-09-11,54.0
2023-09-12,90.0
2023-09-13,106.0
2023-09-14,121.0
2023-09-15,100.0
2023-09-16,85.0
2023-09-17,63.0
2023-09-18,63.0
2023-09-19,73.0
2023-09-20,97.0
2023-09-21,113.0
2023-09-22,102.0
2023-09-23,108.0
2023-09-24,131.0
2023-09-25,118.0
2023-09-26,152.0
2023-09-27,129.0
2023-09-28,139.0
2023-09-29,157.0
2023-09-30,166.0
2023-10-01,146.0
2023-10-02,144.0
2023-10-03,154.0
2023-10-04,176.0
2023-10-05,177.0
2023-10-06,211.0
2023-10-07,215.0
2023-10-08,164.0
2023-10-09,174.0
2023-10-10,179.0
2023-10-11,191.0
2023-10-12,218.0
2023-10-13,255.0
2023-10-14,256.0
2023-10-15,232.0
2023-10-16,206.0
2023-10-17,87.0
2023-10-18,125.0
2023-10-19,118.0
2023-10-20,195.0
2023-10-21,246.0
2023-10-22,311.0
2023-10-23,263.0
2023-10-24,220.0
2023-10-25,243.0
2023-10-26,256.0
2023-10-27,259.0
2023-10-28,303.0
2023-10-29,324.0
2023-10-30,346.0
2023-10-31,357.0
2023-11-01,364.0
2023-11-02,392.0
2023-11-03,468.0
2023-11-04,415.0
2023-11-05,453.0
2023-11-06,421.0
2023-11-07,395.0
2023-11-08,426.0
2023-11-09,437.0
2023-11-10,278.0
2023-11-11,220.0
2023-11-12,218.0
2023-11-13,358.0
2023-11-14,396.0
2023-11-15,398.0
2023-11-16,418.0
2023-11-17,404.0
2023-11-18,318.0
2023-11-19,301.0
2023-11-20,348.0
2023-11-21,372.0
2023-11-22,395.0
2023-11-23,390.0
2023-11-24,415.0
2023-11-25,388.0
2023-11-26,397.0
2023-11-27,395.0
2023-11-28,311.0
2023-11-29,289.0
2023-11-30,398.0
2023-12-01,372.0
2023-12-02,352.0
2023-12-03,313.0
2023-12-04,310.0
2023-12-05,297.0
2023-12-06,285.0
2023-12-07,320.0
2023-12-08,325.0
2023-12-09,322.0
2023-12-10,314.0
2023-12-11,317.0
2023-12-12,355.0
2023-12-13,378.0
2023-12-14,326.0
2023-12-15,323.0
2023-12-16,355.0
2023-12-17,331.0
2023-12-18,330.0
2023-12-19,286.0
2023-12-20,285.0
2023-12-21,361.0
2023-12-22,409.0
2023-12-23,449.0
2023-12-24,411.0
2023-12-25,383.0
2023-12-26,377.0
2023-12-27,380.0
2023-12-28,358.0
2023-12-29,381.0
2023-12-30,400.0
2023-12-31,382.0
2024-01-01,346.0
2024-01-02,340.0
2024-01-03,341.0
2024-01-04,377.0
2024-01-05,333.0
2024-01-06,319.0
2024-01-07,333.0
2024-01-08,345.0
2024-01-09,343.0
2024-01-10,273.0
2024-01-11,348.0
2024-01-12,340.0
2024-01-13,398.0
2024-01-14,447.0
2024-01-15,359.0
2024-01-16,371.0
2024-01-17,368.0
2024-01-18,318.0
2024-01-19,348.0
2024-01-20,329.0
2024-01-21,349.0
2024-01-22,333.0
2024-01-23,368.0
2024-01-24,409.0
2024-01-25,332.0
2024-01-26,408.0
2024-01-27,356.0
2024-01-28,365.0
2024-01-29,356.0
2024-01-30,357.0
2024-01-31,391.0
2024-02-01,176.0
2024-02-02,215.0
2024-02-03,199.0
2024-02-04,274.0
2024-02-05,177.0
2024-02-06,140.0
2024-02-07,174.0
2024-02-08,161.0
2024-02-09,146.0
2024-02-10,295.0
2024-02-11,313.0
2024-02-12,300.0
2024-02-13,341.0
2024-02-14,340.0
2024-02-15,278.0
2024-02-16,268.0
2024-02-17,245.0
2024-02-18,270.0
2024-02-19,231.0
2024-02-20,226.0
2024-02-21,243.0
2024-02-22,150.0
2024-02-23,143.0
2024-02-24,193.0
2024-02-25,193.0
2024-02-26,172.0
2024-02-27,159.0
2024-02-28,141.0
2024-02-29,147.0
2024-03-01,208.0
2024-03-02,117.0
2024-03-03,126.0
2024-03-04,141.0
2024-03-05,125.0
2024-03-06,138.0
2024-03-07,181.0
2024-03-08,157.0
2024-03-09,145.0
2024-03-10,182.0
2024-03-11,201.0
2024-03-12,190.0
2024-03-13,165.0
2024-03-14,195.0
2024-03-15,128.0
2024-03-16,168.0
2024-03-17,193.0
2024-03-18,199.0
2024-03-19,222.0
2024-03-20,230.0
2024-03-21,171.0
2024-03-22,166.0
2024-03-23,232.0
2024-03-24,195.0
2024-03-25,197.0
2024-03-26,134.0
2024-03-27,178.0
2024-03-28,160.0
2024-03-29,176.0
2024-03-30,190.0
2024-03-31,243.0
2024-04-01,133.0
2024-04-02,144.0
2024-04-03,167.0
2024-04-04,173.0
2024-04-05,174.0
2024-04-06,168.0
2024-04-07,179.0
2024-04-08,191.0
2024-04-09,203.0
2024-04-10,222.0
2024-04-11,240.0
2024-04-12,232.0
2024-04-13,198.0
2024-04-14,141.0
2024-04-15,205.0
2024-04-16,228.0
2024-04-17,147.0
2024-04-18,164.0
2024-04-19,186.0
2024-04-20,219.0
2024-04-21,139.0
2024-04-22,129.0
2024-04-23,190.0
2024-04-24,178.0
2024-04-25,200.0
2024-04-26,197.0
2024-04-27,165.0
2024-04-28,176.0
2024-04-29,225.0
2024-04-30,189.0
2024-05-01,200.0
2024-05-02,197.0
2024-05-03,264.0
2024-05-04,282.0
2024-05-05,292.0
2024-05-06,248.0
2024-05-07,303.0
2024-05-08,225.0
2024-05-09,179.0
2024-05-10,180.0
2024-05-11,242.0
2024-05-12,184.0
2024-05-13,228.0
2024-05-14,235.0
2024-05-15,244.0
2024-05-16,236.0
2024-05-17,233.0
2024-05-18,262.0
2024-05-19,245.0
2024-05-20,228.0
2024-05-21,240.0
2024-05-22,193.0
2024-05-23,156.0
2024-05-24,157.0
2024-05-25,168.0
2024-05-26,191.0
2024-05-27,225.0
2024-05-28,246.0
2024-05-29,240.0
2024-05-30,230.0
2024-05-31,192.0
2024-06-01,245.0
2024-06-02,173.0
2024-06-03,155.0
2024-06-04,211.0
2024-06-05,251.0
2024-06-06,183.0
2024-06-07,231.0
2024-06-08,237.0
2024-06-09,182.0
2024-06-10,172.0
2024-06-11,223.0
2024-06-12,213.0
2024-06-13,195.0
2024-06-14,189.0
2024-06-15,186.0
2024-06-16,197.0
2024-06-17,169.0
2024-06-18,196.0
2024-06-19,306.0
2024-06-20,179.0
2024-06-21,175.0
2024-06-22,186.0
2024-06-23,145.0
2024-06-24,138.0
2024-06-25,134.0
2024-06-26,132.0
2024-06-27,74.0
2024-06-28,64.0
2024-06-29,118.0
2024-06-30,115.0
2024-07-01,105.0
2024-07-02,118.0
2024-07-03,108.0
2024-07-04,61.0
2024-07-05,77.0
2024-07-06,65.0
2024-07-07,56.0
2024-07-08,56.0
2024-07-09,84.0
2024-07-10,138.0
2024-07-11,113.0
2024-07-12,107.0
2024-07-13,102.0
2024-07-14,107.0
2024-07-15,109.0
2024-07-16,100.0
2024-07-17,90.0
2024-07-18,95.0
2024-07-19,124.0
2024-07-20,109.0
2024-07-21,103.0
2024-07-22,85.0
2024-07-23,93.0
2024-07-24,97.0
2024-07-25,109.0
2024-07-26,84.0
2024-07-27,131.0
2024-07-28,83.0
2024-07-29,76.0
2024-07-30,97.0
2024-07-31,96.0
2024-08-01,64.0
2024-08-02,76.0
2024-08-03,68.0
2024-08-04,64.0
2024-08-05,59.0
2024-08-06,61.0
2024-08-07,61.0
2024-08-08,54.0
2024-08-09,61.0
2024-08-10,71.0
2024-08-11,69.0
2024-08-12,56.0
2024-08-13,63.0
2024-08-14,79.0
2024-08-15,72.0
2024-08-16,63.0
2024-08-17,74.0
2024-08-18,83.0
2024-08-19,84.0
2024-08-20,66.0
2024-08-21,87.0
2024-08-22,85.0
2024-08-23,77.0
2024-08-24,105.0
2024-08-25,77.0
2024-08-26,72.0
2024-08-27,64.0
2024-08-28,70.0
2024-08-29,58.0
2024-08-30,102.0
2024-08-31,92.0
2024-09-01,101.0
2024-09-02,87.0
2024-09-03,89.0
2024-09-04,69.0
2024-09-05,83.0
2024-09-06,95.0
2024-09-07,71.0
2024-09-08,91.0
2024-09-09,114.0
2024-09-10,106.0
2024-09-11,71.0
2024-09-12,64.0
2024-09-13,52.0
2024-09-14,62.0
2024-09-15,107.0
2024-09-16,139.0
2024-09-17,172.0
2024-09-18,115.0
2024-09-19,56.0
2024-09-20,98.0
2024-09-21,116.0
2024-09-22,162.0
2024-09-23,165.0
2024-09-24,195.0
2024-09-25,233.0
2024-09-26,94.0
2024-09-27,80.0
2024-09-28,66.0
2024-09-29,74.0
2024-09-30,126.0
2024-10-01,149.0
2024-10-02,173.0
2024-10-03,162.0
2024-10-04,184.0
2024-10-05,145.0
2024-10-06,143.0
2024-10-07,126.0
2024-10-08,167.0
2024-10-09,164.0
2024-10-10,132.0
2024-10-11,141.0
2024-10-12,155.0
2024-10-13,224.0
2024-10-14,234.0
2024-10-15,198.0
2024-10-16,230.0
2024-10-17,285.0
2024-10-18,292.0
2024-10-19,278.0
2024-10-20,277.0
2024-10-21,310.0
2024-10-22,327.0
2024-10-23,364.0
2024-10-24,306.0
2024-10-25,270.0
2024-10-26,255.0
2024-10-27,356.0
2024-10-28,304.0
2024-10-29,268.0
2024-10-30,307.0
2024-10-31,328.0
2024-11-01,339.0
2024-11-02,318.0
2024-11-03,381.0
2024-11-04,380.0
2024-11-05,372.0
2024-11-06,351.0
2024-11-07,377.0
2024-11-08,379.0
2024-11-09,350.0
2024-11-10,334.0
2024-11-11,352.0
2024-11-12,334.0
2024-11-13,418.0
2024-11-14,424.0
2024-11-15,396.0
2024-11-16,417.0
2024-11-17,441.0
2024-11-18,494.0
2024-11-19,460.0
2024-11-20,419.0
2024-11-21,371.0
2024-11-22,393.0
2024-11-23,412.0
2024-11-24,318.0
2024-11-25,349.0
2024-11-26,343.0
2024-11-27,303.0
2024-11-28,325.0
2024-11-29,331.0
2024-11-30,346.0
2024-12-01,285.0
2024-12-02,280.0
2024-12-03,268.0
2024-12-04,178.0
2024-12-05,165.0
2024-12-06,197.0
2024-12-07,233.0
2024-12-08,302.0
2024-12-09,186.0
2024-12-10,234.0
2024-12-11,199.0
2024-12-12,288.0
2024-12-13,262.0
2024-12-14,193.0
2024-12-15,294.0
2024-12-16,379.0
2024-12-17,433.0
2024-12-18,445.0
2024-12-19,451.0
2024-12-20,429.0
2024-12-21,370.0
2024-12-22,409.0
2024-12-23,406.0
2024-12-24,369.0
2024-12-25,336.0
2024-12-26,345.0
2024-12-27,353.0
2024-12-28,139.0
2024-12-29,225.0
2024-12-30,173.0
2024-12-31,283.0
2025-01-01,328.0
2025-01-02,318.0
2025-01-03,371.0
2025-01-04,378.0
2025-01-05,339.0
2025-01-06,335.0
2025-01-07,296.0
2025-01-08,297.0
2025-01-09,357.0
2025-01-10,397.0
2025-01-11,327.0
2025-01-12,278.0
2025-01-13,248.0
2025-01-14,275.0
2025-01-15,386.0
2025-01-16,302.0
2025-01-17,289.0
2025-01-18,255.0
2025-01-19,368.0
2025-01-20,314.0
2025-01-21,289.0
2025-01-22,260.0
2025-01-23,257.0
2025-01-24,199.0
2025-01-25,174.0
2025-01-26,216.0
2025-01-27,268.0
2025-01-28,276.0
2025-01-29,365.0
2025-01-30,363.0
2025-01-31,351.0
2025-02-01,355.0
2025-02-02,326.0
2025-02-03,286.0
2025-02-04,264.0
2025-02-05,284.0
2025-02-06,210.0
2025-02-07,156.0
2025-02-08,152.0
2025-02-09,227.0
2025-02-10,271.0
2025-02-11,293.0
2025-02-12,212.0
2025-02-13,134.0
2025-02-14,131.0
2025-02-15,191.0
2025-02-16,294.0
2025-02-17,231.0
2025-02-18,209.0
2025-02-19,180.0
2025-02-20,160.0
2025-02-21,158.0
2025-02-22,155.0
2025-02-23,144.0
2025-02-24,186.0
2025-02-25,208.0
2025-02-26,247.0
2025-02-27,215.0
2025-02-28,121.0
2025-03-01,126.0
2025-03-02,125.0
2025-03-03,156.0
2025-03-04,148.0
2025-03-05,119.0
2025-03-06,124.0
2025-03-07,202.0
2025-03-08,158.0
2025-03-09,209.0
2025-03-10,197.0
2025-03-11,262.0
2025-03-12,228.0
2025-03-13,179.0
2025-03-14,198.0
2025-03-15,85.0
2025-03-16,99.0
2025-03-17,108.0
2025-03-18,145.0
2025-03-19,160.0
2025-03-20,156.0
2025-03-21,144.0
2025-03-22,161.0
2025-03-23,194.0
2025-03-24,206.0
2025-03-25,234.0
2025-03-26,231.0
2025-03-27,259.0
2025-03-28,205.0
2025-03-29,153.0
2025-03-30,138.0
2025-03-31,160.0
2025-04-01,
2025-04-02,
2025-04-03,
2025-04-04,
2025-04-05,
2025-04-06,
2025-04-07,
2025-04-08,
2025-04-09,
2025-04-10,
2025-04-11,
2025-04-12,
2025-04-13,
2025-04-14,
2025-04-15,
2025-04-16,
2025-04-17,
2025-04-18,
2025-04-19,
2025-04-20,
2025-04-21,
2025-04-22,
2025-04-23,
2025-04-24,
2025-04-25,
2025-04-26,
2025-04-27,
2025-04-28,
2025-04-29,
2025-04-30,
2025-05-01,
2025-05-02,
2025-05-03,
2025-05-04,
2025-05-05,
2025-05-06,
2025-05-07,
2025-05-08,
2025-05-09,
2025-05-10,
2025-05-11,
2025-05-12,
2025-05-13,
2025-05-14,
2025-05-15,
2025-05-16,
2025-05-17,
2025-05-18,
2025-05-19,
2025-05-20,
2025-05-21,
2025-05-22,
2025-05-23,
2025-05-24,
2025-05-25,
2025-05-26,
2025-05-27,
2025-05-28,
2025-05-29,
2025-05-30,
2025-05-31,
2025-06-01,
2025-06-02,
2025-06-03,
2025-06-04,
2025-06-05,
2025-06-06,
2025-06-07,
2025-06-08,
2025-06-09,
2025-06-10,
2025-06-11,
2025-06-12,
2025-06-13,
2025-06-14,
2025-06-15,
2025-06-16,
2025-06-17,
2025-06-18,
2025-06-19,
2025-06-20,
2025-06-21,
2025-06-22,
2025-06-23,
2025-06-24,
2025-06-25,
2025-06-26,
2025-06-27,
2025-06-28,
2025-06-29,
2025-06-30,
2025-07-01,
2025-07-02,
2025-07-03,
2025-07-04,
2025-07-05,
2025-07-06,
2025-07-07,
2025-07-08,
2025-07-09,
2025-07-10,
2025-07-11,
2025-07-12,
2025-07-13,
2025-07-14,
2025-07-15,
2025-07-16,
2025-07-17,
2025-07-18,
2025-07-19,
2025-07-20,
2025-07-21,
2025-07-22,
2025-07-23,
2025-07-24,
2025-07-25,
2025-07-26,
2025-07-27,
2025-07-28,
2025-07-29,
2025-07-30,
2025-07-31,
2025-08-01,
2025-08-02,
2025-08-03,
2025-08-04,
2025-08-05,
2025-08-06,
2025-08-07,
2025-08-08,
2025-08-09,
2025-08-10,
2025-08-11,
2025-08-12,
2025-08-13,
2025-08-14,
2025-08-15,
2025-08-16,
2025-08-17,
2025-08-18,
2025-08-19,
2025-08-20,
2025-08-21,
2025-08-22,
2025-08-23,
2025-08-24,
2025-08-25,
2025-08-26,
2025-08-27,
2025-08-28,
2025-08-29,
2025-08-30,
2025-08-31,
2025-09-01,
2025-09-02,
2025-09-03,
2025-09-04,
2025-09-05,
2025-09-06,
2025-09-07,
2025-09-08,
2025-09-09,
2025-09-10,
2025-09-11,
2025-09-12,
2025-09-13,
2025-09-14,
2025-09-15,
2025-09-16,
2025-09-17,
2025-09-18,
2025-09-19,
2025-09-20,
2025-09-21,
2025-09-22,
2025-09-23,
2025-09-24,
2025-09-25,
2025-09-26,
2025-09-27,
2025-09-28,
2025-09-29,
2025-09-30,
2025-10-01,
2025-10-02,
2025-10-03,
2025-10-04,
2025-10-05,
2025-10-06,
2025-10-07,
2025-10-08,
2025-10-09,
2025-10-10,
2025-10-11,
2025-10-12,
2025-10-13,
2025-10-14,
2025-10-15,
2025-10-16,
2025-10-17,
2025-10-18,
2025-10-19,
2025-10-20,
2025-10-21,
2025-10-22,
2025-10-23,
2025-10-24,
2025-10-25,
2025-10-26,
2025-10-27,
2025-10-28,
2025-10-29,
2025-10-30,
2025-10-31,
2025-11-01,
2025-11-02,
2025-11-03,
2025-11-04,
2025-11-05,
2025-11-06,
2025-11-07,
2025-11-08,
2025-11-09,
2025-11-10,
2025-11-11,
2025-11-12,
2025-11-13,
2025-11-14,
2025-11-15,
2025-11-16,
2025-11-17,
2025-11-18,
2025-11-19,
2025-11-20,
2025-11-21,
2025-11-22,
2025-11-23,
2025-11-24,
2025-11-25,
2025-11-26,
2025-11-27,
2025-11-28,
2025-11-29,
2025-11-30,
2025-12-01,
2025-12-02,
2025-12-03,
2025-12-04,
2025-12-05,
2025-12-06,
2025-12-07,
2025-12-08,
2025-12-09,
2025-12-10,
2025-12-11,
2025-12-12,
2025-12-13,
2025-12-14,
2025-12-15,
2025-12-16,
2025-12-17,
2025-12-18,
2025-12-19,
2025-12-20,
2025-12-21,
2025-12-22,
2025-12-23,
2025-12-24,
2025-12-25,
2025-12-26,
2025-12-27,
2025-12-28,
2025-12-29,
2025-12-30,
2025-12-31,
